,nombre,altura,peso,bmi
0,ind1,1.67,54,19.362472659471475
1,ind2,1.9,100,27.70083102493075
2,ind3,0.23,2,37.80718336483932
